Abstract;Introduction;RelatedWork;Discussion;Conclusion
0;0.063157895;0.081395349;0.031496063;0.111111111
0;0.048780488;0.02189781;0.074626866;0.121212121
0;0.114285714;0.050632911;0.124223602;0.181818182
0.058823529;0.045977011;0;0.02739726;0.104477612
0.05;0.098398169;0.076190476;0.113636364;0.105769231
0;0.125;0.071428571;0.093023256;0.137931034
0;0.05;0.00952381;0.02;0.014492754
0.052631579;0.074766355;0.106837607;0.05015674;0.075949367
0;0.042735043;0.051020408;0.060728745;0.099009901
0.043478261;0.042682927;0.07751938;0.085470085;0.098039216
0.222222222;0.035714286;0.05625;0.03875969;0.113636364
0.048780488;0.071428571;0.053846154;0.066666667;0.082474227
0;0.212121212;0.04;0.116666667;0.095890411
0;0.060301508;0.03125;0.077777778;0.047619048
0.066666667;0.146666667;0.037037037;0.139072848;0.132352941
0.089285714;0.083333333;0.046511628;0.157480315;0.23655914
0;0.041666667;0.067988669;0.037735849;0.04
0.2;0.071428571;0.049180328;0.072463768;0.119047619
0;0.030769231;0.044444444;0.12244898;0.025
0;0.048387097;0.047619048;0.057971014;0.091954023
0.088235294;0.108108108;0.032786885;0.060422961;0.025641026
0;0.136363636;0.105882353;0.075;0.106666667
0;0.043478261;0.058823529;0.086294416;0.109756098
0;0.043478261;0.025773196;0.025974026;0.016393443
0;0.055555556;0;0.052287582;0.032258065
0;0.026315789;0.035714286;0.021276596;0.133333333
0;0.1640625;0.057471264;0.082352941;0.133333333
0;0.070422535;0.026666667;0.125;0.102272727
0;0.097560976;0.010989011;0.042105263;0.104477612
0;0.061403509;0.097727273;0.116138763;0.075757576
0.071428571;0.139240506;0.030769231;0.093333333;0.129032258
0.090909091;0.068181818;0.046511628;0.073913043;0.144927536
0.157894737;0.076271186;0.068493151;0.081871345;0.148648649
0.054054054;0.066666667;0.034482759;0.112676056;0.130952381
0.066666667;0.126436782;0.071428571;0.075949367;0.127906977
0.058823529;0.155555556;0.04;0.021276596;0.101449275
0.058823529;0.066326531;0;0.038461538;0.069444444
0.090909091;0.133333333;0.094890511;0.083969466;0.155844156
0;0.065217391;0.047619048;0.062015504;0.1
0.05;0.095238095;0.02955665;0.06501548;0.079365079
0;0.126865672;0.131147541;0.163265306;0.186440678
0.076923077;0.023809524;0.045454545;0.054644809;0.197183099
0;0.03030303;0.062068966;0.120879121;0.1
0;0.14084507;0;0.051282051;0.144927536
0;0.074074074;0.044444444;0.11971831;0.158730159
0;0.033333333;0;0.023255814;0.103448276
0.052631579;0.142857143;0.08;0.121212121;0.161764706
0.103448276;0.177777778;0.093023256;0;0.171875
0.166666667;0.028571429;0;0.12;0.068965517
0;0.037878788;0.027027027;0.041666667;0.118644068
0.125;0.04109589;0.027027027;0.152173913;0.105263158
0;0.044117647;0;0.083333333;0.078431373
0;0.047297297;0.115789474;0.2;0.015873016
0;0.058823529;0;0.052631579;0.105263158
0.125;0.108695652;0.016949153;0.089108911;0.169491525
0;0.113636364;0.088235294;0.048543689;0.154929577
0;0.041666667;0.036585366;0.030769231;0.087719298
0.076923077;0.063291139;0.037037037;0.046875;0.210526316
0;0.08974359;0.125;0.161290323;0.096774194
0.0625;0.043478261;0;0.102272727;0.153846154
0;0.138461538;0.05;0.136363636;0.140625
0;0;0.018181818;0;0.03125
0.055555556;0.136690647;0.053097345;0.088888889;0.12
0;0.1875;0.132841328;0.194805195;0.158730159
0.052631579;0.032258065;0.086956522;0.132478632;0.06779661
0.033333333;0.059259259;0.102777778;0.067567568;0.107142857
0;0.15625;0.054054054;0.181818182;0.196721311
0.125;0.117647059;0.075757576;0.111111111;0.169491525
0.058823529;0.054545455;0.064516129;0.032894737;0.138461538
0.0625;0.097619048;0.068181818;0.158940397;0.127272727
0.058823529;0.104121475;0.048780488;0.202702703;0.189655172
0;0.037037037;0.017241379;0.1;0.181818182
0;0.051546392;0;0.068493151;0.15942029
0;0.164179104;0.100362757;0.126760563;0.112676056
0.083333333;0.085106383;0.042553191;0.08988764;0.149253731
0.066666667;0.094117647;0.045454545;0.114285714;0.125
0.15625;0.023809524;0.072072072;0.149253731;0.109375
0.0625;0.020408163;0;0.037037037;0.066666667
0;0.07826087;0.15625;0.08;0.068181818
0;0.054054054;0.074074074;0.097560976;0.14516129
0;0.117647059;0.06884058;0.168831169;0.142857143
0;0.076923077;0.025;0.135135135;0.216666667
0;0.075471698;0.070422535;0.132352941;0.169491525
0.066666667;0.111111111;0.014705882;0.089108911;0.0625
0;0.024390244;0;0.024390244;0
0;0.181818182;0.038461538;0.055555556;0.1
0.052631579;0.142857143;0.035714286;0.080291971;0.132352941
0.1;0.029411765;0.034482759;0.127659574;0.216666667
0;0.045454545;0;0;0.044444444
0;0.028985507;0.032608696;0.063291139;0
0.047619048;0.179487179;0.027777778;0.055555556;0.177777778
0.103448276;0.043478261;0.122807018;0.15625;0.196428571
0.117647059;0.144736842;0.0625;0.090909091;0.076923077
0;0.083333333;0.039408867;0.054054054;0.196428571
0;0.04109589;0.023809524;0;0.027027027
0.166666667;0.121621622;0.060606061;0.142857143;0.022727273
0;0.034883721;0.023809524;0.076923077;0.098039216
0.1;0.080645161;0.014925373;0.11627907;0.12244898
0;0.0625;0.009090909;0.128205128;0.08
0.136363636;0.033898305;0.039473684;0.073170732;0.125
0;0.131578947;0.097826087;0.105263158;0.142857143
0.0625;0.079365079;0.106382979;0.076923077;0.236363636
0.055555556;0.090909091;0.025;0.077348066;0.073170732
0;0.094339623;0;0.016129032;0.145833333
0;0.072289157;0.06557377;0.100840336;0.163265306
0;0.046875;0.032967033;0.083333333;0.146341463
0.117647059;0.125;0.079787234;0.075;0.111111111
0.1;0.071428571;0.046153846;0.115384615;0.027777778
0.15;0.055555556;0.057471264;0.046511628;0.068965517
0;0;0.142857143;0.285714286;0.048780488
0.235294118;0.086021505;0.086956522;0.108695652;0.111111111
0.058823529;0;0.057692308;0.125;0.170731707
0;0.022222222;0.058823529;0.064516129;0.076923077
0;0.017857143;0.058823529;0.017857143;0.045454545
0;0.093023256;0.022222222;0.122807018;0.05
0.083333333;0.051282051;0.045454545;0.051282051;0.093023256
0;0.158415842;0.115384615;0.161290323;0.111111111
0.045454545;0.070422535;0.100961538;0.042253521;0.103448276
0;0.065789474;0;0.083333333;0
0;0.047058824;0;0.111111111;0.12
0;0.067961165;0.046511628;0.088888889;0.116666667
0.043478261;0.045977011;0.034188034;0.119496855;0.1
0.04;0.035294118;0.027777778;0.095744681;0.070175439
0.066666667;0.0625;0.035714286;0.085526316;0.140350877
0.058823529;0.116788321;0.081632653;0.074626866;0.071428571
0;0.150943396;0.038834951;0.055045872;0.119047619
0;0.088235294;0;0.060606061;0.074074074
0;0.04587156;0;0.097560976;0.104166667
0.0625;0.037383178;0.078125;0.090909091;0.109090909
0.083333333;0.089285714;0.02173913;0.149253731;0.058823529
0.125;0.131147541;0.042553191;0.157894737;0.211538462
0;0.033333333;0;0.089285714;0.026315789
0.066666667;0.090909091;0.036363636;0;0.083333333
0.1;0.24;0.08490566;0.154929577;0.159090909
0;0.045454545;0.027777778;0.106382979;0.111111111
0;0.085714286;0.015625;0.068965517;0.217391304
0;0.117647059;0.121052632;0.1;0.136363636
0.038461538;0.060240964;0.058823529;0.126984127;0.170212766
0;0.042105263;0.076923077;0.196428571;0.1
0;0.096774194;0.078125;0.08411215;0.051282051
0;0.05;0.052631579;0.068181818;0.133333333
0;0;0.01754386;0.058823529;0
0;0.078947368;0.041666667;0.01010101;0.104166667
0.074074074;0.185714286;0.084745763;0.183908046;0.255319149
0.033333333;0.088495575;0.027777778;0.081632653;0.111111111
0;0.042168675;0.021505376;0.047619048;0.036363636
0.041666667;0.070422535;0.095890411;0.04494382;0.147058824
0.076923077;0.071428571;0.090909091;0.09478673;0.137254902
0.117647059;0.1375;0.056603774;0.088888889;0.229166667
0.133333333;0.089285714;0.1;0.114285714;0.181818182
0.045454545;0.022727273;0.025974026;0;0.093023256
0.115384615;0.113402062;0.0625;0.102766798;0.045454545
0;0.141414141;0.095238095;0.027027027;0.228571429
0;0.078431373;0.072727273;0.160714286;0.11627907
0;0.053571429;0;0.170731707;0.108695652
0.052631579;0.099009901;0.08988764;0.053333333;0.108695652
0.038461538;0.06779661;0.128205128;0.038461538;0.155555556
0.111111111;0.121019108;0.112565445;0.106060606;0.083333333
0.04;0.022727273;0.041666667;0.047457627;0.103448276
0.125;0.126760563;0;0.076190476;0.081081081
0.090909091;0.14516129;0.025641026;0.05982906;0.14893617
0;0.06779661;0.087378641;0.102564103;0.054054054
0.086956522;0.185714286;0.045454545;0.067901235;0.140350877
0.05;0.022727273;0.021276596;0.04;0.057142857
0.076923077;0.018518519;0.06557377;0.052173913;0.153846154
0;0.036363636;0.130434783;0.05;0.071428571
0.095238095;0.069767442;0.053571429;0.06122449;0.111111111
0.045454545;0.120481928;0.068965517;0.041666667;0.181818182
0.066666667;0.152542373;0;0.111111111;0.166666667
0;0.071428571;0.074626866;0.132352941;0.071428571
0;0.060606061;0.032258065;0.090909091;0.130434783
0;0.071428571;0.035714286;0.085106383;0
0.066666667;0.06;0.190082645;0.052631579;0.166666667
0;0.054794521;0;0.173913043;0.076923077
0.037037037;0.156521739;0.071428571;0.117647059;0.142857143
0.058823529;0.022727273;0.017241379;0.162162162;0.034482759
0;0.03125;0.045454545;0.04040404;0.075
0.111111111;0.089285714;0.04;0.102040816;0.113636364
0;0.046728972;0.022222222;0.071428571;0.1
0;0;0.024096386;0.030769231;0.027027027
0;0.037037037;0.034090909;0.074074074;0.088888889
0;0.041666667;0.118644068;0.022222222;0.152173913
0.05;0.038461538;0.026666667;0.038961039;0.046511628
0.047619048;0.111111111;0.054545455;0.013333333;0.183673469
0;0.032258065;0.080291971;0;0.114285714
0.1;0.052631579;0;0.08974359;0.037037037
0;0.073170732;0.06097561;0.023809524;0.170212766
0.117647059;0.073732719;0.061538462;0.125;0.194444444
0.1;0;0;0.067961165;0.210526316
0;0.014925373;0.056818182;0.08974359;0.060606061
0;0;0.016666667;0.059701493;0.064516129
0;0.014705882;0.012987013;0.037037037;0.027027027
0.0625;0.137254902;0;0.045454545;0.058823529
0;0.022222222;0.03125;0.103448276;0.046511628
0.090909091;0.130434783;0.03030303;0.034682081;0
0;0.19047619;0.055555556;0.014084507;0.111111111
0.2;0.025974026;0.091954023;0.173913043;0.071428571
0;0.032258065;0.037735849;0.071428571;0.107142857
0.05;0.095238095;0.05;0.109004739;0.051282051
0;0.071428571;0;0.079207921;0.058823529
0;0.020408163;0.106707317;0.226666667;0.0625
0;0.018181818;0;0.044444444;0.048780488
0;0.123287671;0.107142857;0.183673469;0.173913043
0.375;0.076923077;0.050359712;0.133333333;0.163265306
0;0.03125;0.052631579;0.1;0.023809524
0;0.042553191;0;0.052434457;0.135135135
0.041666667;0.06097561;0.070175439;0.046728972;0.066666667
0.0625;0.032608696;0.02173913;0;0.078431373
0;0;0.043478261;0.079365079;0.071428571
0;0.054545455;0.102564103;0.013888889;0.1
0;0.081081081;0.075;0.098591549;0.068965517
0;0.032258065;0.041666667;0.06;0.085714286
0.066666667;0.04;0.03030303;0.097560976;0.133333333
0.052631579;0.033898305;0.038461538;0.186440678;0.1
0;0.0625;0.068627451;0.11409396;0.119047619
0;0.043010753;0;0.068627451;0.157894737
0;0.044444444;0.009615385;0.031914894;0.117647059
0.045454545;0.047619048;0.121212121;0.108108108;0.19047619
0.176470588;0.121212121;0.019607843;0.058823529;0.119047619
0.055555556;0.161290323;0.051948052;0.198895028;0.108108108
0.125;0.071428571;0.1;0;0.206896552
0;0.033898305;0.064102564;0.093220339;0.127659574
0;0.064220183;0.022727273;0.047619048;0.098039216
0;0.085714286;0;0.047169811;0.032258065
0;0.025;0.032786885;0.059701493;0.032258065
0;0.173076923;0.03125;0.060344828;0
0;0.074468085;0.03030303;0.138461538;0.170731707
0;0.104761905;0.014285714;0.023622047;0.029411765
0.055555556;0.123076923;0.032258065;0.072727273;0.057142857
0.058823529;0.208791209;0.023809524;0.050955414;0.147058824
0.071428571;0.09375;0.021276596;0.036585366;0.0625
0.111111111;0.047619048;0;0.034090909;0.131578947
0.111111111;0;0.055555556;0.172413793;0.128205128
0.052631579;0.052631579;0;0.053398058;0.026315789
0.052631579;0.049180328;0;0.2;0.125
0.0625;0.081081081;0.047619048;0.103703704;0.257142857
0.0625;0.105263158;0.054054054;0.068493151;0.113636364
0;0.034782609;0.03030303;0.034482759;0.03030303
0;0.022727273;0.010989011;0.045454545;0.097560976
0.111111111;0.069767442;0.043103448;0.142857143;0.035714286
0.086956522;0.010204082;0.025;0.055555556;0.026315789
0.111111111;0.095890411;0.030769231;0.01980198;0.146341463
0;0.083333333;0.085365854;0.025641026;0.03030303
0;0.017857143;0.081967213;0.086956522;0.060606061
0.058823529;0.122807018;0.068181818;0.096774194;0.108695652
0;0.071428571;0;0.102040816;0
0.055555556;0.1;0;0.07;0.097560976
0;0.051470588;0.014084507;0.023255814;0.023809524
0;0.048780488;0.073529412;0.092436975;0.185185185
0.096774194;0.06097561;0.25;0.054263566;0.146341463
0.052631579;0.104166667;0.02;0.066666667;0.214285714
0;0.041666667;0.025;0.055555556;0.114285714
0.166666667;0.019607843;0.076923077;0.074074074;0.097560976
0;0.1;0.052631579;0.112903226;0.117647059
0;0.032258065;0.020408163;0.068965517;0.093023256
0.045454545;0.0875;0.0625;0.046875;0.138888889
0;0.040816327;0;0.035294118;0.128205128
0;0.066666667;0.028169014;0.044117647;0.032258065
0.055555556;0.024390244;0.052631579;0.034482759;0.147058824
0;0.034482759;0.022222222;0.055555556;0.055555556
0.142857143;0;0.013888889;0.048387097;0.125
0.125;0.129411765;0.097560976;0.158730159;0.125
0;0.040540541;0.009090909;0.041493776;0.083333333
0;0.026315789;0.055555556;0.084337349;0.157894737
0.1;0.093023256;0.056603774;0.25;0.15
0;0.039215686;0.025;0.04787234;0.060606061
0;0.044117647;0.036697248;0.108910891;0.083333333
0.125;0.06122449;0.081481481;0.083333333;0.170731707
0.0625;0.038461538;0.041666667;0.060606061;0.12195122
0;0.074074074;0.061068702;0.105263158;0.108108108
0.0625;0.046875;0.098039216;0.174603175;0.127659574
0.055555556;0.087912088;0;0.079365079;0.151515152
0;0.111111111;0.049586777;0.166666667;0.108108108
0.111111111;0.049382716;0.057971014;0.206896552;0.069767442
0;0.129032258;0.037037037;0.15;0.153846154
0.083333333;0.06122449;0.018867925;0.111111111;0.02173913
0;0.042553191;0.025316456;0.132231405;0.083333333
0;0.074074074;0.066666667;0.090909091;0.105263158
0;0.105263158;0.148148148;0.047619048;0.057142857
0;0.111111111;0.087378641;0.080645161;0
0.074074074;0;0.055172414;0;0.058823529
0;0.03030303;0.071428571;0.136363636;0.105263158
0.041666667;0.045454545;0.051724138;0.016129032;0.090909091
0.066666667;0.044444444;0;0.045454545;0.05
0.090909091;0.079365079;0.04;0.135135135;0.083333333
0.047619048;0.154929577;0.055555556;0.075;0.083333333
0.08;0.051903114;0.082152975;0.125;0.05
0.074074074;0.058823529;0.020408163;0.082191781;0.085714286
0.095238095;0.024390244;0;0.022222222;0.142857143
0.055555556;0.094339623;0.058823529;0.263157895;0.128205128
0;0.06122449;0;0.03030303;0.085714286
0.111111111;0.114754098;0;0.026315789;0.045454545
0;0.075471698;0.064285714;0.135135135;0.137931034
0;0.148148148;0.081081081;0.183673469;0.212121212
0.076923077;0.082191781;0.063492063;0.041666667;0.04
0;0.030769231;0.033898305;0.026086957;0.25
0.1;0.055555556;0.04494382;0.066666667;0.088235294
0;0;0.081395349;0.06779661;0.027027027
0.105263158;0.12244898;0;0.056603774;0.033333333
0;0.091549296;0.025641026;0.2;0.032258065
0;0.016666667;0;0.0859375;0
0;0.035714286;0.034482759;0.090909091;0.08
0.086956522;0.055555556;0.071428571;0.184210526;0.09375
0;0.042307692;0.051724138;0;0
0.058823529;0.073684211;0.064516129;0.053763441;0
0;0.075;0.04;0.044444444;0.125
0.058823529;0.096774194;0.053571429;0.180952381;0.131578947
0;0;0.047619048;0.045454545;0.066666667
0.066666667;0.021052632;0.02247191;0.016949153;0.125
0;0.079207921;0.041666667;0.066666667;0.138888889
0;0;0.027027027;0.024691358;0
0;0.139705882;0.061002179;0.094117647;0.161290323
0.12;0.098360656;0;0.14973262;0.170731707
0;0.020833333;0.043010753;0.024793388;0
0;0.028169014;0.023529412;0.045226131;0.085714286
0;0.051724138;0.107438017;0.074468085;0.19047619
0.047619048;0.057142857;0.051612903;0.079545455;0.147058824
0;0.031007752;0.054054054;0.040540541;0.068965517
0;0.035294118;0.021978022;0.025641026;0.0625
0.125;0.128205128;0.046875;0.071428571;0.151515152
0.05;0.117647059;0.037037037;0.128205128;0.236842105
0.125;0.038834951;0.084337349;0.13;0.147058824
0.045454545;0.031746032;0.112903226;0.108695652;0.125
0;0;0.019607843;0.084745763;0.095238095
0;0.139240506;0.035714286;0.1;0.194444444
0;0.013888889;0.013888889;0.107692308;0.047619048
0;0.057291667;0.035714286;0.125;0.166666667
0.066666667;0.104575163;0.025641026;0.185185185;0.130434783
0.090909091;0.042553191;0.05;0.122222222;0.142857143
0.2;0.130434783;0.038961039;0.098591549;0.034482759
0.0625;0.109090909;0.034482759;0;0.117647059
0;0.049180328;0.03;0.032258065;0
0;0.094827586;0.110169492;0.15625;0.15
0;0;0;0.054794521;0
0;0.021276596;0.029411765;0.020408163;0.148148148
0;0.087719298;0.053571429;0.172413793;0.119047619
0;0.081081081;0.078947368;0.049382716;0.037037037
0;0.063829787;0;0.016528926;0.0625
0;0.06870229;0.044117647;0.102040816;0.103448276
0;0.068965517;0.052631579;0.017857143;0.043478261
0.083333333;0.078947368;0.023809524;0.082474227;0
0;0;0.027777778;0.034482759;0.090909091
0.083333333;0.191489362;0.107843137;0.068493151;0
0.047619048;0.085714286;0;0.110169492;0
0;0.06557377;0.073170732;0.053333333;0.15625
0;0.081081081;0.018518519;0.222222222;0.133333333
0.0625;0.061403509;0;0.105263158;0
0;0.066666667;0.043478261;0;0.041666667
0;0.043010753;0.048076923;0;0
0;0.073529412;0.012987013;0.010416667;0.114285714
0;0.082872928;0.038095238;0.106221548;0
0.055555556;0.076086957;0.097826087;0.122641509;0.130434783
0;0.1;0;0.08;0.1
0;0.094594595;0.025641026;0.039473684;0.051282051
0;0.042857143;0.038461538;0.129032258;0.138888889
0.0625;0.058823529;0;0.057142857;0.060606061
0.066666667;0.06122449;0.045454545;0.080645161;0
0.166666667;0.047619048;0.034482759;0.055555556;0.068965517
0;0.1171875;0.026315789;0.09375;0.147058824
0;0.057142857;0;0.089285714;0.058823529
0;0.081967213;0.035714286;0.071428571;0.235294118
0;0.051546392;0.025974026;0.064393939;0.1
0.037037037;0;0;0.060606061;0.037037037
0.071428571;0.035714286;0.102564103;0.107142857;0.060606061
0;0;0.058823529;0.020833333;0.071428571
0;0.035087719;0.025;0.08;0.071428571
0.142857143;0.096590909;0.072727273;0.103773585;0.111111111
0;0.048543689;0.0625;0.034883721;0.115384615
0.133333333;0.049382716;0.051282051;0;0.115384615
0;0.074468085;0.076305221;0.080745342;0
0.045454545;0.090909091;0.05;0.044117647;0.060606061
0.090909091;0.05;0.054054054;0.066666667;0.131578947
0.041666667;0.011764706;0.078947368;0.051470588;0.03030303
0;0.041666667;0;0.142857143;0.088235294
0;0.042857143;0.028571429;0.023529412;0.08
0;0.125;0.096385542;0.108333333;0.074074074
0;0.115625;0.085561497;0.107913669;0.222222222
0.076923077;0.04;0.04;0.03030303;0.142857143
0;0.069767442;0.033707865;0.033149171;0.170731707
0;0.081081081;0.071428571;0.050632911;0.033333333
0.03125;0.031496063;0.022727273;0.059701493;0.090909091
0;0.084745763;0.081632653;0.0875;0
0;0.087719298;0.084745763;0.236842105;0.181818182
0.047619048;0.038461538;0.046610169;0.115942029;0.115384615
0.088235294;0.092307692;0.079365079;0.12195122;0.151515152
0;0.086956522;0.052631579;0.267857143;0.192307692
0;0.073529412;0.065217391;0.095238095;0.15
0.058823529;0.08;0.072463768;0.142857143;0.03125
0;0.105263158;0.076923077;0.049180328;0.166666667
0;0;0;0.020689655;0.08
0;0.013513514;0.016460905;0.012195122;0
0.058823529;0.089430894;0.0625;0.137931034;0.12
0;0;0.024390244;0.089285714;0.162162162
0;0.136363636;0.081081081;0.064516129;0.034482759
0;0.088607595;0.014705882;0.03960396;0.04
0.105263158;0.114942529;0.034883721;0.04109589;0.064516129
0.133333333;0.14893617;0.096385542;0.155555556;0.16
0.125;0.101449275;0.054054054;0.11;0.096774194
0.095238095;0.075;0.101123596;0.113207547;0.115384615
0;0.05;0.03030303;0.060606061;0.045454545
0;0.0625;0.066914498;0.047619048;0
0;0.045454545;0;0;0.136363636
0;0.055555556;0.045454545;0.048387097;0.037037037
0;0.1;0.080808081;0.108108108;0
0.041666667;0.064516129;0.023809524;0.070588235;0.08
0.047619048;0.1;0.106382979;0.136363636;0.088235294
0.05;0.082644628;0.018867925;0;0.071428571
0;0.035714286;0.042105263;0.023255814;0.071428571
0;0.047619048;0.030769231;0.037037037;0.121212121
0;0.043517679;0.024096386;0.072368421;0.153846154
0.076923077;0.070175439;0.074074074;0.126213592;0.068965517
0;0.042253521;0;0.075757576;0.086956522
0;0.130434783;0.071428571;0.034722222;0.105263158
0;0.089552239;0.076923077;0.01010101;0.033333333
0.133333333;0.130434783;0;0.0625;0.083333333
0;0.104683196;0;0.102564103;0.111111111
0;0.037037037;0.016666667;0.044642857;0.115384615
0.057142857;0.091954023;0.042016807;0.068965517;0.055555556
0.076923077;0;0.009259259;0.037974684;0.086956522
0;0.035714286;0;0.109375;0.111111111
0;0.025974026;0.104651163;0.1;0.060606061
0;0;0.057142857;0.026315789;0.133333333
0;0.137254902;0.041666667;0.115384615;0.125
0;0.060240964;0.081967213;0.161290323;0.192307692
0.111111111;0.066666667;0.01754386;0.03968254;0.114285714
0;0.047619048;0.08913649;0.146341463;0.090909091
0;0.04;0;0.023809524;0.086956522
0.037037037;0.029850746;0.126984127;0.04494382;0.2
0;0.114285714;0.045454545;0.035714286;0.045454545
0.052631579;0.27027027;0;0.115384615;0.0625
0;0.054545455;0.08045977;0.086419753;0.095238095
0;0.077922078;0.1;0.171875;0.03030303
0;0.05;0.025641026;0.052631579;0.172413793
0.166666667;0.036036036;0;0.043137255;0.0625
0;0.078431373;0.060606061;0.041666667;0.088235294
0.117647059;0.106060606;0.026785714;0.070707071;0.125
0.111111111;0.085714286;0.016393443;0.112903226;0
0;0.030769231;0.081632653;0.090909091;0
0.052631579;0.137931034;0.024390244;0.15625;0.193548387
0;0.040540541;0.047058824;0.045112782;0.032258065
0.153846154;0.117647059;0.026315789;0.159090909;0.130434783
0.052631579;0.144144144;0.043478261;0.224489796;0.176470588
0.066666667;0.088888889;0.016949153;0.038461538;0.052631579
0.136363636;0.055555556;0;0;0.083333333
0;0.084745763;0.074074074;0.185185185;0.192307692
0;0.045454545;0;0.100558659;0.131578947
0.058823529;0.125;0.103448276;0.036697248;0.137931034
0.058823529;0.053571429;0.072727273;0.037974684;0.083333333
0;0.094594595;0;0.029411765;0.090909091
0;0.056603774;0.1;0.051724138;0.037037037
0;0;0.016666667;0.151515152;0
0;0;0;0.075;0.034482759
0.090909091;0.092307692;0.016393443;0.06;0.130434783
0.033333333;0.1;0.028571429;0.178571429;0.129032258
0;0.076923077;0.029411765;0.102040816;0.15625
0;0.065934066;0.066666667;0.052631579;0.103448276
0.0625;0;0.046511628;0.071428571;0.03125
0;0;0.06185567;0.139240506;0.032258065
0;0.122994652;0.026315789;0.068181818;0.05
0;0.074766355;0.08974359;0.041666667;0.111111111
0.090909091;0.107142857;0.045454545;0.125;0.090909091
0.125;0.089655172;0.063829787;0.008547009;0.1
0.181818182;0.108695652;0.075471698;0.075;0.083333333
0.076923077;0.06122449;0.05;0.150943396;0.105263158
0.0625;0.109090909;0.043478261;0.026315789;0.130434783
0;0.058823529;0.015873016;0.061643836;0.206896552
0;0.076923077;0.070175439;0.037037037;0.086956522
0.176470588;0.076923077;0;0.166666667;0.0625
0;0;0.101626016;0.07960199;0.125
0.166666667;0.085526316;0.032608696;0.097087379;0.166666667
0.083333333;0.032258065;0.010309278;0.05;0.068965517
0;0.038461538;0;0.018691589;0.083333333
0;0.029411765;0.037735849;0.0625;0.045454545
0;0.097560976;0.071428571;0.163265306;0.172413793
0;0.052631579;0.086956522;0.027027027;0.068965517
0;0.088888889;0.0625;0;0.16
0;0.023255814;0.092592593;0.095238095;0.071428571
0;0.088888889;0.038461538;0.066666667;0.038461538
0.05;0.111111111;0.023809524;0.071428571;0.0625
0.0625;0.06;0;0.043010753;0
0.047619048;0.044117647;0;0.025974026;0.095238095
0;0.093023256;0.013888889;0.032967033;0.047619048
0;0.050847458;0;0.111111111;0.103448276
0.045454545;0.127659574;0.027777778;0.111111111;0.133333333
0;0.043478261;0.066666667;0.192307692;0.095238095
0.071428571;0.053763441;0.019230769;0.033333333;0.034482759
0.071428571;0.035714286;0;0.096551724;0.090909091
0.045454545;0.060606061;0.073170732;0.045454545;0
0;0.072916667;0.046511628;0;0.09375
0;0.066666667;0.090909091;0.137931034;0
0;0.106382979;0.085714286;0.070707071;0
0.05;0.074766355;0;0.038961039;0.08
0;0.043478261;0;0;0.034482759
0.066666667;0.109243697;0.112;0.110294118;0.25
0.25;0.04;0.059701493;0.238095238;0.12
0.142857143;0.111111111;0.057692308;0.064516129;0.1
0.035714286;0.114942529;0.110294118;0.055555556;0
0.0625;0.037037037;0;0.054347826;0.076923077
0.034482759;0.095744681;0.074074074;0.075757576;0.071428571
0.103448276;0.058823529;0.222222222;0.106382979;0.173913043
0;0.068965517;0.020833333;0.117647059;0.05
0.095238095;0.125;0.081395349;0.142857143;0.136363636
0;0.127118644;0.047619048;0.090909091;0
0.0625;0.142857143;0.096153846;0.153846154;0.34375
0;0.057142857;0;0.050632911;0.2
0;0.157894737;0.0125;0.146666667;0.157894737
0.03125;0.052631579;0.042918455;0.12;0
0.076923077;0.127388535;0.05;0.0875;0.16
0.083333333;0.074074074;0.029850746;0.02;0.074074074
0.08;0.093220339;0.043103448;0.056338028;0.064516129
0.0625;0.139240506;0.117647059;0.138888889;0.192307692
0;0.014492754;0.090909091;0.11627907;0.038461538
0;0.176470588;0.039215686;0.075268817;0.090909091
0;0.108433735;0.024390244;0.013513514;0.142857143
0;0.078431373;0;0.145454545;0.166666667
0;0.016393443;0.022421525;0.0625;0.041666667
0;0.214285714;0.083333333;0;0.214285714
0;0.035346097;0;0.071428571;0.217391304
0;0.045454545;0.034090909;0.026315789;0.1
0.0625;0.090909091;0.05;0.106666667;0.04
0.090909091;0.103448276;0.096153846;0.094339623;0
0.045454545;0.117647059;0.092307692;0.076923077;0.04
0.142857143;0.126760563;0.047619048;0.053846154;0.210526316
0;0.035714286;0.019607843;0.051020408;0.103448276
0;0.120689655;0.032258065;0;0
0.064516129;0.037037037;0.066666667;0.086956522;0.125
0;0.065789474;0.04;0.013513514;0
0;0.033898305;0.08;0;0.0625
0;0.092307692;0.088607595;0.077777778;0.153846154
0;0.043478261;0.029411765;0.083333333;0.16
0;0.092715232;0.022727273;0.037037037;0.115384615
0.173913043;0.141176471;0.043478261;0.032258065;0.166666667
0.090909091;0.071428571;0.02173913;0.082474227;0.166666667
0.133333333;0.068493151;0.088888889;0.100558659;0.095238095
0;0.21875;0.023255814;0.051948052;0.071428571
0;0.072727273;0.0375;0.086956522;0
0.045454545;0.072727273;0.054054054;0.028571429;0.153846154
0;0.204545455;0.03125;0.090909091;0.230769231
0;0.090909091;0.027027027;0.048780488;0.103448276
0;0;0.020833333;0.153846154;0.185185185
0.058823529;0.027027027;0.02259887;0.035087719;0
0;0.044117647;0;0.056603774;0.071428571
0.090909091;0.130841121;0.035087719;0.101796407;0.148148148
0.066666667;0;0.054794521;0;0.2
0.153846154;0.083333333;0.029411765;0.11627907;0.2
0.3;0.061538462;0.0625;0.230769231;0.083333333
0;0.126582278;0.028169014;0.053571429;0.066666667
0.086956522;0.162162162;0;0.0375;0
0;0;0.044444444;0.033707865;0.05
0;0;0.074626866;0.057142857;0.206896552
0.066666667;0.104477612;0.081300813;0.121495327;0.103448276
0;0.106666667;0.03030303;0.020408163;0.107142857
0;0.092783505;0.074324324;0.070422535;0.136363636
0.136363636;0.12371134;0.091549296;0.176470588;0.24
0;0.032258065;0.094339623;0.072916667;0.166666667
0.066666667;0.086206897;0.018518519;0.150537634;0.115384615
0;0.034482759;0.045454545;0;0.086956522
0;0.058823529;0.073170732;0.107142857;0.066666667
0;0.073170732;0.052631579;0.068965517;0.05
0.222222222;0.166666667;0.102564103;0.086466165;0.12
0;0.071428571;0.050561798;0.079545455;0.136363636
0;0.02;0.01369863;0.013157895;0.111111111
0;0.046153846;0.044776119;0.089285714;0.1
0;0.029411765;0;0;0.083333333
0;0.043243243;0.016393443;0.074468085;0.083333333
0.25;0.058823529;0.088235294;0.071428571;0.173913043
0;0.127659574;0.106382979;0.048780488;0.1
0.058823529;0.061538462;0.058823529;0.133333333;0.0625
0.066666667;0.019417476;0.041666667;0.121212121;0.071428571
0;0.142857143;0.018691589;0.070652174;0.090909091
0.076923077;0.035714286;0;0.042735043;0.047619048
0;0.069767442;0.041666667;0.173333333;0.043478261
0;0.154471545;0.058823529;0.029850746;0.08
0.1;0.076923077;0.055555556;0.053571429;0.115384615
0;0.074626866;0.090909091;0.171428571;0.052631579
0.117647059;0.108433735;0.081395349;0.142857143;0
0;0.073170732;0.043478261;0.083333333;0.08
0.133333333;0.12244898;0.034482759;0.111111111;0.12
0.0625;0.051282051;0.116883117;0.113821138;0.05
0;0.099236641;0.056603774;0.10619469;0.130434783
0;0;0;0.028169014;0.076923077
0;0.051020408;0.063291139;0.113207547;0.25
0.15;0.135714286;0.078947368;0.01986755;0.1
0;0.034482759;0;0.033333333;0
0;0.028985507;0;0.111111111;0.043478261
0;0.125;0.09202454;0.095238095;0.2
0.04;0.064516129;0.06779661;0.052863436;0.045454545
0;0;0;0.060344828;0.076923077
0.043478261;0;0.023809524;0.048387097;0.166666667
0;0.0625;0;0.073170732;0.043478261
0;0.04;0.027777778;0.054794521;0.055555556
0.043478261;0;0.032258065;0.097222222;0.035714286
0.076923077;0.035714286;0.080645161;0.259259259;0.19047619
0.133333333;0.068965517;0;0.208333333;0.1
0;0.024911032;0.025641026;0.13253012;0.285714286
0;0.043478261;0;0.06557377;0.032258065
0.041666667;0.069767442;0.04;0.111111111;0.115384615
0.090909091;0.047619048;0.081967213;0.120689655;0.208333333
0;0.043478261;0;0;0.12
0.1;0.112359551;0.018867925;0;0
0;0.05;0.043478261;0.034482759;0.071428571
0;0.057142857;0.07;0.085271318;0
0;0.088235294;0.153846154;0.058252427;0.095238095
0;0.032258065;0.06557377;0.086206897;0.133333333
0;0.086956522;0.116883117;0.072727273;0.142857143
0;0.227272727;0.03125;0.072289157;0.058823529
0.111111111;0.144927536;0.106382979;0.064102564;0.037037037
0;0.102040816;0.0625;0.256410256;0.086956522
0;0.069767442;0;0.045454545;0.083333333
0.055555556;0.098039216;0.027777778;0;0
0;0.157894737;0.088235294;0.133333333;0.125
0;0.260869565;0.034482759;0.133333333;0.142857143
0.105263158;0.117647059;0.066666667;0.093023256;0.1
0;0.035714286;0.136363636;0.045454545;0.130434783
0;0.041666667;0;0.145454545;0
0;0.150943396;0.08;0.045454545;0.043478261
0;0.066666667;0.04;0.081632653;0.055555556
0;0.039473684;0.035714286;0;0.15
0.071428571;0.052631579;0.127906977;0.1;0.153846154
0.142857143;0.106060606;0.071428571;0.050847458;0.217391304
0.058823529;0.090909091;0.02970297;0.055555556;0.047619048
0.095238095;0.119047619;0.084210526;0.114864865;0.043478261
0;0.045454545;0.024691358;0.03125;0.045454545
0;0.045454545;0.033333333;0.039215686;0.095238095
0.043478261;0.021505376;0;0.078431373;0.0625
0;0.057142857;0.085714286;0.12;0.115384615
0.1875;0.113636364;0;0.058823529;0.157894737
0.111111111;0.104166667;0.071428571;0.056074766;0.222222222
0.111111111;0.104166667;0.071428571;0.056074766;0.222222222
0;0.022727273;0;0.049180328;0.25
0;0.043478261;0;0.152777778;0.045454545
0;0.125;0.058823529;0.048387097;0.068965517
0.111111111;0.093333333;0.125;0.04;0
0;0.053571429;0.117647059;0;0.043478261
0.083333333;0.069444444;0;0.035087719;0.117647059
0;0;0.058823529;0.058823529;0.173913043
0;0.051282051;0.043478261;0.081081081;0.181818182
0;0.055555556;0.028571429;0.024390244;0.130434783
0;0.056603774;0.021978022;0.076923077;0
0;0.04;0.027777778;0.024691358;0.074074074
0;0.118644068;0.0625;0.081395349;0
0;0.083333333;0.049382716;0.013157895;0
0;0;0.016393443;0.052083333;0.043478261
0.052631579;0.016393443;0.0625;0.038461538;0.05
0;0.115942029;0.052631579;0.045454545;0.166666667
0;0.117647059;0;0.085106383;0.041666667
0.08;0.066666667;0.024691358;0.046242775;0.095238095
0;0.134328358;0;0;0.15
0;0.125;0;0.150684932;0.125
0;0.054054054;0.015625;0;0
0;0.018518519;0.016666667;0.24137931;0.083333333
0.05;0.063492063;0;0.060606061;0.136363636
0.041666667;0.032608696;0.045454545;0.037037037;0.043478261
0;0.030769231;0.082352941;0;0.041666667
0;0;0.012820513;0.176470588;0
0.076923077;0.058823529;0;0.095238095;0.1
0;0.051282051;0.033057851;0.112149533;0.090909091
0;0.036144578;0.058823529;0.131313131;0
0.1;0;0;0.151898734;0.111111111
0;0.068965517;0.041666667;0.050847458;0.05
0;0.081632653;0;0.122807018;0.047619048
0.08;0.037974684;0.011111111;0.119047619;0.08
0.230769231;0;0.051282051;0.054054054;0.105263158
0.076923077;0.050632911;0.06122449;0.127272727;0.068965517
0;0.095744681;0.044117647;0.081081081;0.083333333
0;0.100917431;0;0.057971014;0.090909091
0;0.103448276;0.03960396;0.0625;0
0;0.04494382;0;0.112676056;0.111111111
0.083333333;0.115384615;0.024390244;0.074074074;0.125
0;0.028985507;0.028985507;0.113207547;0
0.071428571;0.067857143;0.054545455;0.048780488;0.142857143
0.090909091;0.113207547;0.047619048;0.074074074;0.111111111
0;0.025641026;0.019607843;0.052631579;0
0;0.05;0;0.047619048;0.15
0;0.091743119;0.075471698;0.078947368;0.037037037
0;0.108108108;0.105263158;0.041666667;0.125
0.045454545;0.054794521;0.045454545;0.176470588;0
0.071428571;0.064102564;0.028301887;0.125;0.25
0;0.011627907;0.034482759;0.05;0.076923077
0;0;0.03030303;0.092592593;0.096774194
0.090909091;0.085106383;0.022222222;0.1;0.095238095
0;0.039473684;0.042105263;0.024096386;0
0;0.06557377;0.086956522;0.093220339;0.058823529
0;0.068965517;0.137931034;0.157142857;0.217391304
0;0.074626866;0.034482759;0.19047619;0.058823529
0.071428571;0.098591549;0.11627907;0;0.192307692
0.076923077;0.045454545;0.037037037;0.129032258;0.16
0;0.187755102;0;0.103773585;0.136363636
0.058823529;0.083333333;0.026315789;0.126760563;0.08
0.043478261;0.041666667;0.044303797;0.052631579;0
0.076923077;0.076923077;0.058252427;0.09375;0.19047619
0;0.018518519;0.060606061;0.038461538;0.125
0;0.075;0.018518519;0.125;0
0;0.170731707;0.117647059;0;0
0.05;0.024390244;0;0.11627907;0.068965517
0.1;0.05;0.036144578;0.1;0.105263158
0;0.035087719;0.012195122;0.072727273;0.083333333
0.058823529;0.16;0.050847458;0.156862745;0.192307692
0.071428571;0.075757576;0;0.24137931;0.041666667
0;0.084745763;0.045454545;0.119047619;0.043478261
0;0.08;0.021052632;0.011111111;0
0.19047619;0.108527132;0.145539906;0.115151515;0.388888889
0;0.016666667;0.095238095;0.048780488;0.166666667
0;0.083333333;0;0.073170732;0.153846154
0;0.064220183;0.021276596;0.017857143;0
0.125;0.109589041;0.012345679;0.054794521;0
0.111111111;0.069444444;0.02970297;0.026548673;0.125
0;0.078740157;0.033898305;0.163934426;0
0.083333333;0.102272727;0.157142857;0.183673469;0.1
0;0.070175439;0;0.02173913;0
0.066666667;0.142857143;0.159090909;0.111111111;0.034482759
0.05;0.063291139;0.025316456;0.066666667;0.043478261
0.095238095;0.101449275;0.048780488;0.102941176;0
0;0.075;0;0.033333333;0.142857143
0;0.073529412;0;0.013513514;0
0;0;0;0.018867925;0.222222222
0;0.041666667;0.08;0.173913043;0.166666667
0;0.090909091;0;0.027777778;0.1
0;0.057971014;0.042105263;0.1875;0.047619048
0;0.057692308;0.035714286;0.071428571;0.095238095
0.05;0.032258065;0.064516129;0.052631579;0.090909091
0.0625;0.068965517;0.041666667;0.026785714;0.05
0.05;0.080279232;0.129032258;0.075949367;0.352941176
0;0;0.074074074;0.142857143;0.1
0.08;0.063636364;0.071428571;0;0
0.0625;0.034482759;0.028169014;0.067567568;0.2
0;0.029411765;0.028169014;0.046948357;0.074074074
0.0625;0.052631579;0.045454545;0.132231405;0.058823529
0;0.054545455;0;0.073770492;0.117647059
0.095238095;0.086956522;0.081967213;0.088888889;0.117647059
0;0.058823529;0.052631579;0.060606061;0
0;0.076923077;0.027777778;0.146341463;0.16
0;0.050724638;0;0.048192771;0.130434783
0.157894737;0.104347826;0.025641026;0.063492063;0
0.1;0.105263158;0.094155844;0.13559322;0.08
0;0.026315789;0;0.042553191;0
0.095238095;0;0.14893617;0.037037037;0.08
0;0.056818182;0;0.12;0.176470588
0;0.086021505;0.04950495;0.083333333;0.05
0;0.076923077;0;0.111111111;0
0;0;0.098591549;0.078947368;0.0625
0;0.028571429;0.037037037;0;0.095238095
0;0.045454545;0.026315789;0.061538462;0
0;0.037735849;0.01369863;0.075949367;0
0;0.033333333;0.034482759;0.272727273;0.230769231
0.071428571;0.078431373;0.070422535;0.081081081;0.176470588
0.058823529;0.075757576;0.040322581;0.027027027;0
0;0.113636364;0.038834951;0.052631579;0.095238095
0;0.0625;0.03030303;0.15;0.125
0.0625;0;0.016129032;0.176470588;0.045454545
0.130434783;0.086206897;0.057142857;0.140350877;0.136363636
0;0.052083333;0.070921986;0.073529412;0.04
0;0.041666667;0.045454545;0.033333333;0.153846154
0;0.118421053;0;0.085106383;0.2
0;0.056603774;0.036144578;0.042944785;0.066666667
0.058823529;0.071428571;0.077922078;0.045454545;0.058823529
0;0.12037037;0.025641026;0.2;0.1
0.15;0.066666667;0.05;0.098039216;0.052631579
0.076923077;0.075949367;0.04;0.064516129;0.2
0;0.078947368;0.0625;0.105263158;0.052631579
0.076923077;0.14893617;0.076388889;0.1875;0.055555556
0;0.038461538;0.0625;0.055555556;0.05
0;0.036585366;0.057142857;0.106666667;0.0625
0;0.083333333;0;0.014492754;0.090909091
0;0.046875;0.063492063;0.108108108;0.19047619
0.076923077;0.027777778;0.129032258;0.06557377;0.052631579
0;0.02173913;0.037037037;0.02173913;0
0.058823529;0.026315789;0.039215686;0.090909091;0.076923077
0.066666667;0.07079646;0.079365079;0.029411765;0.157894737
0;0.083333333;0.032258065;0.077777778;0.142857143
0.071428571;0.037974684;0;0.12;0.166666667
0;0.086956522;0;0.075;0.111111111
0.103448276;0.111111111;0.04;0;0.071428571
0;0.086956522;0.108433735;0.130434783;0.076923077
0;0.137254902;0.058139535;0.153846154;0.173913043
0;0.04;0.012820513;0;0
0;0.066666667;0.037974684;0;0
0;0.08974359;0.10106383;0.145631068;0.055555556
0.041666667;0.064935065;0.104166667;0.149253731;0.058823529
0;0;0.235294118;0.142857143;0
0.05;0.044247788;0;0.027027027;0.16
0.181818182;0.090909091;0.032;0.081967213;0.105263158
0;0.029411765;0.050847458;0.137931034;0.166666667
0;0.051724138;0.05;0.098591549;0.052631579
0;0.096774194;0.05;0.033613445;0.130434783
0;0.025;0.092592593;0.024096386;0
0;0.065789474;0.014925373;0.2;0.117647059
0;0.059139785;0.056603774;0.183333333;0.111111111
0.052631579;0.061538462;0;0.04;0.083333333
0.05;0.118644068;0.022727273;0.056603774;0.052631579
0;0.103448276;0.118421053;0.148148148;0
0;0.047619048;0.013888889;0.06;0
0.047619048;0.090909091;0.096153846;0.042016807;0
0.095238095;0.102564103;0.079365079;0.074074074;0.235294118
0;0.08040201;0;0.031746032;0
0.086956522;0.086021505;0.051282051;0.155172414;0
0;0.041666667;0.097826087;0.095238095;0
0;0.02173913;0.030769231;0.050724638;0.066666667
0;0.030769231;0.041666667;0.116438356;0.052631579
0.105263158;0.039215686;0.034482759;0.027027027;0.133333333
0;0.030769231;0;0.176470588;0.083333333
0.076923077;0.066666667;0.044444444;0.203883495;0.19047619
0.111111111;0.100840336;0.04109589;0.109756098;0
0.076923077;0.076923077;0.073825503;0.056603774;0.111111111
0;0.090909091;0.082191781;0.083333333;0.052631579
0;0.107142857;0.06779661;0.111111111;0
0.052631579;0.06097561;0.02;0.07;0
0.071428571;0.076923077;0;0.155172414;0.052631579
0;0;0.06;0.069767442;0.217391304
0.047619048;0.015625;0;0.085714286;0
0.055555556;0.072289157;0.103092784;0.172413793;0.130434783
0.066666667;0.08;0;0.173913043;0
0;0.043478261;0.083333333;0.125;0.055555556
0;0.115942029;0.051724138;0.064676617;0
0.041666667;0.065693431;0.055555556;0.042857143;0.055555556
0.058823529;0.04;0.0625;0.054545455;0.133333333
0;0.014285714;0.020408163;0.108433735;0.058823529
0.033333333;0.076923077;0.04109589;0.118644068;0.058823529
0;0.112359551;0.047619048;0.043478261;0.111111111
0;0.043478261;0;0.063829787;0.055555556
0.0625;0.066666667;0.078947368;0.090909091;0.125
0;0.029850746;0.038461538;0.051282051;0
0.1;0.107142857;0.080645161;0.038834951;0.117647059
0.133333333;0.088;0.022727273;0.111842105;0.047619048
0.142857143;0.065934066;0.018518519;0.113821138;0.086956522
0.071428571;0.092436975;0.041666667;0.058823529;0.05
0;0.047619048;0.035087719;0.0625;0.25
0.058823529;0.027027027;0;0.125;0.083333333
0.045454545;0.034482759;0.065217391;0.058823529;0.066666667
0;0.028571429;0.008849558;0.11627907;0
0;0.209302326;0.093023256;0.195121951;0.166666667
0.055555556;0.084745763;0.031914894;0.151515152;0
0;0.096774194;0.096774194;0;0.076923077
0.071428571;0.096153846;0.037735849;0.024793388;0
0;0.041666667;0.025;0.123076923;0.166666667
0;0.054054054;0.068965517;0.192307692;0.058823529
0.181818182;0.083333333;0;0.023529412;0
0;0.037735849;0;0.071428571;0.214285714
0;0.028985507;0.018867925;0.116883117;0.052631579
0.071428571;0.028571429;0.085106383;0.142857143;0.071428571
0;0;0.033333333;0.03125;0
0.041666667;0.093023256;0;0;0.0625
0;0.074074074;0;0;0
0;0.076923077;0.049180328;0.040816327;0.055555556
0;0.041666667;0.069767442;0.0625;0.157894737
0.230769231;0.096153846;0.0625;0.052631579;0.066666667
0;0.045801527;0.038834951;0.064516129;0
0;0.085365854;0.014705882;0.027777778;0
0.066666667;0.040816327;0.138888889;0.066666667;0.2
0.058823529;0.089552239;0.060150376;0.191489362;0.0625
0;0.058823529;0.018518519;0.133333333;0.090909091
0;0.018518519;0;0;0
0;0.052631579;0.041322314;0.058823529;0
0;0.112244898;0.04;0.079545455;0.0625
0;0.102564103;0;0.089552239;0
0;0.155555556;0.057971014;0.076923077;0.066666667
0;0.066666667;0.120689655;0.132075472;0.1
0;0.098591549;0.087719298;0.12;0.142857143
0.083333333;0.094117647;0.079365079;0.070866142;0.052631579
0;0.057377049;0;0.136363636;0.1875
0;0.041666667;0.036363636;0.072727273;0.043478261
0.133333333;0.0625;0.111111111;0.096774194;0.066666667
0;0.049019608;0.015384615;0.1;0.105263158
0;0.15625;0.042635659;0.016260163;0.071428571
0.043478261;0.083333333;0.072916667;0.038461538;0.071428571
0;0;0.047619048;0.048076923;0.083333333
0;0.107142857;0.090909091;0.146666667;0.076923077
0.071428571;0.090909091;0.070175439;0.137931034;0.058823529
0;0.090909091;0.052631579;0.06;0.045454545
0;0.128440367;0.052631579;0.153846154;0.235294118
0;0;0;0;0.066666667
0.09375;0.028571429;0;0.086419753;0.076923077
0;0.065789474;0;0.135135135;0.071428571
0.076923077;0;0.05952381;0.087719298;0.181818182
0.166666667;0.074074074;0.051282051;0.142857143;0
0;0.015625;0.025;0.032258065;0
0;0;0;0.031088083;0.111111111
0;0.076363636;0.081081081;0.150684932;0.066666667
0.052631579;0.073170732;0.06185567;0.116666667;0.166666667
0.095238095;0.08411215;0.02173913;0.146341463;0.142857143
0;0;0.095092025;0;0
0.111111111;0.112903226;0;0.230769231;0.181818182
0;0;0;0.028571429;0
0.181818182;0.12987013;0.048387097;0.12;0.090909091
0;0.051724138;0.034482759;0.074074074;0.066666667
0.058823529;0.045454545;0.2;0.142857143;0.071428571
0;0.041666667;0.090909091;0.103448276;0.153846154
0;0.05;0.042857143;0.060606061;0.272727273
0;0;0.024390244;0;0
0.045454545;0.049180328;0.066666667;0.121212121;0.071428571
0.055555556;0.062761506;0.04040404;0.157608696;0.076923077
0;0.056603774;0.035714286;0.170068027;0.210526316
0;0.133333333;0.066666667;0.041666667;0.15
0;0.032258065;0;0.083333333;0.095238095
0;0.025;0;0;0.052631579
0.037037037;0.021505376;0.0591133;0.028985507;0.047619048
0.038461538;0.042105263;0;0.025906736;0.047619048
0;0.05;0;0.111111111;0
0;0;0.035087719;0.158536585;0.083333333
0;0.096774194;0.03030303;0.081632653;0.111111111
0.076923077;0.054545455;0.040983607;0;0.083333333
0.083333333;0.046875;0;0.043478261;0
0;0;0.012345679;0.058823529;0
0.105263158;0.055555556;0.058823529;0;0.083333333
0;0.133333333;0.035087719;0.086956522;0.071428571
0;0.106060606;0.119402985;0.057971014;0.052631579
0;0.054054054;0.05;0.069444444;0
0;0.075;0;0;0.2
0;0.04;0.027027027;0.03030303;0
0;0.113207547;0;0.046511628;0
0;0.079365079;0.024691358;0.007936508;0.153846154
0.083333333;0.03125;0.041666667;0.073170732;0.083333333
0;0.049180328;0.070707071;0.054347826;0.066666667
0;0.066666667;0.103448276;0.025;0
0.071428571;0.061728395;0.04;0.052631579;0.052631579
0;0.027027027;0.054054054;0.020408163;0
0;0.064039409;0.153846154;0.162790698;0
0;0.026315789;0;0.12244898;0
0.181818182;0.125;0.055555556;0.172413793;0.142857143
0;0.05;0.030769231;0.079545455;0.142857143
0.076923077;0.1;0.172727273;0.178082192;0.090909091
0.047619048;0.063492063;0.068181818;0.131578947;0.076923077
0.0625;0.121621622;0.052631579;0.206349206;0.076923077
0.05;0.090909091;0.08;0.142857143;0.071428571
0;0.078651685;0.047619048;0.090909091;0
0;0.020833333;0.03125;0.2;0.133333333
0.111111111;0;0.087912088;0.058823529;0.263157895
0;0.083333333;0.083333333;0.212765957;0.071428571
0;0.052631579;0;0.045454545;0.111111111
0;0.040268456;0.017857143;0.087719298;0
0.071428571;0.039215686;0.111111111;0.205128205;0
0.090909091;0.035714286;0.092307692;0;0.071428571
0;0.068965517;0.105263158;0.051851852;0
0;0.049586777;0;0.008333333;0.076923077
0;0.039215686;0;0.034188034;0.047619048
0;0.1;0.022727273;0.123287671;0
0;0.028571429;0;0.01754386;0
0.153846154;0.092105263;0.117647059;0.037037037;0
0;0.11;0.083333333;0.154185022;0
0;0.031914894;0.03030303;0.02970297;0
0;0.118644068;0.025;0.084210526;0.166666667
0;0.076086957;0;0.051724138;0.1
0;0.057142857;0;0.14893617;0.1875
0;0.082474227;0.093023256;0.107913669;0.181818182
0;0.058823529;0.068965517;0.093023256;0
0.071428571;0.108108108;0;0.077777778;0.181818182
0.0625;0.076923077;0.038461538;0.083333333;0.133333333
0;0.1;0.084507042;0.011235955;0
0;0.054054054;0;0.048780488;0
0;0.034090909;0;0.055555556;0
0.111111111;0.093023256;0;0.142857143;0
0;0.082191781;0;0.142857143;0.083333333
0;0;0.018181818;0.022727273;0
0;0.019607843;0.037558685;0.063829787;0
0.066666667;0.071428571;0.037037037;0.105263158;0
0;0.026315789;0.097560976;0.052631579;0
0;0.034482759;0.054794521;0.055555556;0
0;0.184210526;0.057142857;0.333333333;0.071428571
0;0.059701493;0.066666667;0.090909091;0.2
0;0;0.04;0.068376068;0
0;0.036697248;0.083333333;0.152173913;0
0.071428571;0.102040816;0.026315789;0.137931034;0.083333333
0.125;0;0.047619048;0;0
0.068965517;0.113636364;0;0.1;0.055555556
0;0.055555556;0.026315789;0.052631579;0.166666667
0;0.052816901;0;0.132075472;0.1
0;0.071428571;0;0.136363636;0
0.071428571;0.048387097;0;0.024390244;0
0.111111111;0.129032258;0.052631579;0.119047619;0.076923077
0.125;0.134453782;0.051546392;0.075757576;0.076923077
0.117647059;0.076923077;0.066666667;0.132075472;0.142857143
0.052631579;0.019607843;0.081632653;0.06185567;0
0;0.14516129;0;0;0
0.047619048;0.055555556;0;0.203125;0
0;0.066666667;0.111111111;0.105263158;0
0;0.066666667;0.111111111;0.105263158;0
0;0.076923077;0.041666667;0.078947368;0.125
0;0.034188034;0.049751244;0;0.071428571
0;0.113043478;0;0.140625;0.1
0;0.02;0.056074766;0.102564103;0
0;0.072727273;0.060240964;0.1;0.111111111
0;0;0.081081081;0;0.066666667
0;0.054054054;0.032608696;0.0625;0
0;0.04;0.03125;0.125;0.111111111
0.117647059;0.071428571;0.1;0.033333333;0.083333333
0.052631579;0;0;0.071428571;0.117647059
0.047619048;0.052631579;0.012345679;0.067567568;0.066666667
0.166666667;0.073529412;0.081081081;0.064516129;0.125
0.105263158;0.071428571;0.071428571;0.111111111;0
0;0.057692308;0.032786885;0.04;0.090909091
0.1;0.064516129;0.058823529;0.12;0
0.05;0.074074074;0;0.05;0.076923077
0.043478261;0.083333333;0;0.114285714;0.0625
0;0.078431373;0.066666667;0.075471698;0.111111111
0;0;0.03986711;0.044444444;0
0.052631579;0.1;0.017857143;0.051724138;0
0;0.025641026;0.075757576;0.058823529;0
0.090909091;0.105882353;0.118644068;0.152542373;0.071428571
0;0.012987013;0;0;0
0;0.021052632;0;0;0.166666667
0;0.083333333;0.04;0.088;0
0;0.063829787;0.03030303;0.03030303;0
0;0.04;0.027777778;0.123076923;0
0.0625;0.04;0;0.043478261;0.214285714
0;0.051724138;0.04;0.054054054;0.090909091
0.105263158;0.043478261;0.082802548;0.2;0.153846154
0.055555556;0.054545455;0.05;0.125;0
0;0.075471698;0.0625;0.053333333;0.2
0.125;0.088607595;0.019230769;0.138888889;0.1875
0;0.111111111;0;0.025210084;0.0625
0.066666667;0.104166667;0.083333333;0.170212766;0.153846154
0.05;0.074074074;0.105263158;0.076086957;0
0;0.08;0.04;0.035087719;0.090909091
0.071428571;0.081632653;0.088235294;0.093333333;0
0.125;0.108433735;0.061538462;0.095238095;0.090909091
0;0.015625;0.023255814;0;0
0;0.096774194;0.125;0.193548387;0
0;0.066666667;0.020618557;0;0.083333333
0.071428571;0.075949367;0;0.212121212;0.1
0;0.081081081;0.03030303;0;0
0.083333333;0.058823529;0.075757576;0.12962963;0
0.1;0.029411765;0.025;0.109090909;0.071428571
0;0.064516129;0.027777778;0.054545455;0.111111111
0.095238095;0.120481928;0.042553191;0.029411765;0.153846154
0;0.055555556;0.064516129;0;0.1
0;0.057971014;0.098765432;0.087591241;0.142857143
0.052631579;0.040540541;0.041666667;0.041666667;0.090909091
0.071428571;0.079207921;0.041666667;0.042253521;0
0;0.068249258;0.05;0.058823529;0
0;0.056818182;0;0;0.090909091
0.153846154;0.144230769;0.011904762;0.058823529;0
0;0.054054054;0;0.162162162;0
0;0.073170732;0.19047619;0.125;0
0.066666667;0.083333333;0.014285714;0.06557377;0.090909091
0.105263158;0.049180328;0;0.095238095;0
0;0.074324324;0.094736842;0.034482759;0.214285714
0.083333333;0.037037037;0.044117647;0.15;0.083333333
0;0.026315789;0.06122449;0.107438017;0
0;0.072106262;0.047619048;0.1125;0
0;0.06;0.017857143;0.055555556;0
0;0.033898305;0.049056604;0.076923077;0.090909091
0.117647059;0.088888889;0;0.105263158;0.285714286
0;0.05;0.105263158;0.059171598;0
0.083333333;0.081081081;0.065934066;0.071428571;0.1
0;0.044776119;0.024390244;0.132075472;0.090909091
0.05;0.060606061;0.043478261;0.042253521;0
0.066666667;0.03125;0.013888889;0.095890411;0
0.083333333;0.129411765;0.033333333;0.097560976;0
0.05;0.054054054;0;0.037037037;0
0.066666667;0.069767442;0.097560976;0.153846154;0
0.1;0.153846154;0.029411765;0;0.066666667
0;0.104895105;0.094594595;0.040983607;0
0;0.027027027;0.114942529;0.147058824;0
0.047619048;0.025974026;0.066666667;0.01010101;0
0.058823529;0.043478261;0.040816327;0.022727273;0
0.181818182;0.092592593;0.047619048;0.063829787;0.142857143
0;0.095238095;0;0.25;0.083333333
0;0.06779661;0.02;0.137931034;0.066666667
0.0625;0.1;0.026315789;0.064327485;0
0.086956522;0.125;0;0.038461538;0
0;0.042253521;0;0.066666667;0.133333333
0;0;0.115384615;0.095808383;0
0;0.043478261;0;0.078947368;0.076923077
0;0.061728395;0.065217391;0.086021505;0
0.142857143;0.065217391;0.056338028;0.04;0
0.153846154;0.04;0;0;0.1
0;0.105263158;0.090909091;0.153846154;0
0.060606061;0.037735849;0;0.078947368;0.166666667
0;0.015625;0.120481928;0;0.111111111
0;0.146341463;0.033333333;0.181818182;0
0;0.1;0.051282051;0.16;0
0;0;0;0.027777778;0
0.1;0.058823529;0;0.181818182;0.111111111
0;0.052631579;0;0.056338028;0.111111111
0.117647059;0.069767442;0.037383178;0.032258065;0
0;0.2;0.102941176;0.298245614;0.111111111
0;0.084337349;0.059701493;0.105263158;0.2
0;0;0.052631579;0.096153846;0.1
0.083333333;0.081081081;0.111111111;0.064;0
0.111111111;0.113402062;0.111111111;0.037735849;0.090909091
0.058823529;0.043010753;0.027027027;0.152173913;0.111111111
0;0.039215686;0.028571429;0.2;0
0;0.18;0.170731707;0.034482759;0
0.166666667;0.084507042;0;0.1;0
0;0.098360656;0.031746032;0.047619048;0
0;0.119047619;0;0.1;0.125
0.066666667;0;0.071428571;0;0.1
0.066666667;0.06097561;0;0.178571429;0.1
0;0.054054054;0.058823529;0.083333333;0
0;0.059701493;0.018867925;0.071428571;0
0.0625;0.113924051;0.046511628;0.023809524;0
0;0.014285714;0;0.051282051;0
0.105263158;0.078947368;0;0.136363636;0
0;0.08;0.035714286;0;0.111111111
0;0.152173913;0.133333333;0.108695652;0.333333333
0.083333333;0.060606061;0.024390244;0.02970297;0.25
0.133333333;0.082352941;0.166666667;0.146067416;0
0;0;0.052631579;0.095238095;0.1
0.076923077;0.096153846;0.038461538;0.066666667;0.125
0.090909091;0.094339623;0.090909091;0.090909091;0
0;0.048780488;0.054054054;0.133333333;0.142857143
0;0.06779661;0.06;0.145833333;0.125
0;0.103896104;0.073170732;0.151515152;0.142857143
0;0;0;0.092592593;0
0;0.042253521;0.032258065;0.130434783;0
0;0.117647059;0.093333333;0.047619048;0.25
0.083333333;0.060606061;0;0.057142857;0
0;0.015873016;0.090909091;0.090909091;0
0.0625;0;0.01754386;0.104166667;0.125
0;0.027027027;0.02970297;0.25862069;0
0;0.067307692;0.08;0.2;0.142857143
0;0.074074074;0;0.101449275;0.166666667
0;0;0.083333333;0.084507042;0
0;0;0.043478261;0.038461538;0
0;0.073170732;0.035714286;0.166666667;0
0;0.172413793;0.098039216;0.096774194;0
0;0.020833333;0.038461538;0;0.125
0;0.056603774;0;0.090909091;0
0.142857143;0.078431373;0.052631579;0.041666667;0.25
